Seqid,Genome,Locus,Amino Acid,Is Disordered?,PTM Type,Sequence Context
ENSP00000218224,<i>Homo sapiens</i> <release>63_37</release> ,77,S,Disordered,PHOSPHORYLATION,TDLVSWLsPHDPNSV
ENSP00000218224,<i>Homo sapiens</i> <release>63_37</release> ,94,S,Disordered,PHOSPHORYLATION,KSAKKLRsSNADAEE
ENSP00000218224,<i>Homo sapiens</i> <release>63_37</release> ,210,S,Disordered,PHOSPHORYLATION,PMDPSSysDAPRGTW
ENSP00000218224,<i>Homo sapiens</i> <release>63_37</release> ,247,S,Disordered,PHOSPHORYLATION,FQQRPYPsPGAVLRA
ENSP00000225603,<i>Homo sapiens</i> <release>63_37</release> ,70,S,Disordered,PHOSPHORYLATION,LIAEFLQsQKtAHEt
ENSP00000225603,<i>Homo sapiens</i> <release>63_37</release> ,80,S,Disordered,PHOSPHORYLATION,tAHEtDKsEGGkRKA
ENSP00000225603,<i>Homo sapiens</i> <release>63_37</release> ,89,S,Disordered,PHOSPHORYLATION,GGkRKADsDsEDKGE
ENSP00000225603,<i>Homo sapiens</i> <release>63_37</release> ,91,S,Disordered,PHOSPHORYLATION,kRKADsDsEDKGEEs
ENSP00000225603,<i>Homo sapiens</i> <release>63_37</release> ,98,S,Disordered,PHOSPHORYLATION,sEDKGEEsKPKKKkE
ENSP00000225603,<i>Homo sapiens</i> <release>63_37</release> ,128,S,Disordered,PHOSPHORYLATION,RIIGATDsSGELMFL
ENSP00000225603,<i>Homo sapiens</i> <release>63_37</release> ,141,S,Disordered,PHOSPHORYLATION,FLMKWKNsDEADLVP
ENSP00000225603,<i>Homo sapiens</i> <release>63_37</release> ,172,S,Disordered,PHOSPHORYLATION,EERLTWHsyPsEDDD
ENSP00000225603,<i>Homo sapiens</i> <release>63_37</release> ,175,S,Disordered,PHOSPHORYLATION,LTWHsyPsEDDDkKD
ENSP00000228872,<i>Homo sapiens</i> <release>63_37</release> ,10,S,Disordered,PHOSPHORYLATION,NVRVSNGsPSLErMD
ENSP00000228872,<i>Homo sapiens</i> <release>63_37</release> ,83,S,Disordered,PHOSPHORYLATION,WQEVEkGsLPEFyyR
ENSP00000228872,<i>Homo sapiens</i> <release>63_37</release> ,140,S,Disordered,PHOSPHORYLATION,PkTDPSDsQTGLAEQ
ENSP00000228872,<i>Homo sapiens</i> <release>63_37</release> ,178,S,Disordered,PHOSPHORYLATION,EENVSDGsPNAGsVE
ENSP00000228872,<i>Homo sapiens</i> <release>63_37</release> ,183,S,Disordered,PHOSPHORYLATION,DGsPNAGsVEQtPKK
ENSP00000244741,<i>Homo sapiens</i> <release>63_37</release> ,98,S,Disordered,PHOSPHORYLATION,GGRRPGTsPALLQGT
ENSP00000244741,<i>Homo sapiens</i> <release>63_37</release> ,114,S,Disordered,PHOSPHORYLATION,EEDHVDLsLSCTLVP
ENSP00000244741,<i>Homo sapiens</i> <release>63_37</release> ,123,S,Disordered,PHOSPHORYLATION,SCTLVPRsGEQAEGs
ENSP00000244741,<i>Homo sapiens</i> <release>63_37</release> ,130,S,Disordered,PHOSPHORYLATION,sGEQAEGsPGGPGDS
ENSP00000244741,<i>Homo sapiens</i> <release>63_37</release> ,146,S,Disordered,PHOSPHORYLATION,GRkRRQtsMTDFYHs
ENSP00000244741,<i>Homo sapiens</i> <release>63_37</release> ,153,S,Disordered,PHOSPHORYLATION,sMTDFYHskRRLIFS
ENSP00000261070,<i>Homo sapiens</i> <release>63_37</release> ,7,S,Disordered,PHOSPHORYLATION,_MPGLVDsNPAPPEs
ENSP00000261070,<i>Homo sapiens</i> <release>63_37</release> ,14,S,Disordered,PHOSPHORYLATION,sNPAPPEsQEkkPLk
ENSP00000264645,<i>Homo sapiens</i> <release>63_37</release> ,28,S,Disordered,PHOSPHORYLATION,SGSDSGGsPLRGGGs
ENSP00000264645,<i>Homo sapiens</i> <release>63_37</release> ,35,S,Disordered,PHOSPHORYLATION,sPLRGGGsCsGsAGG
ENSP00000264645,<i>Homo sapiens</i> <release>63_37</release> ,37,S,Disordered,PHOSPHORYLATION,LRGGGsCsGsAGGGG
ENSP00000264645,<i>Homo sapiens</i> <release>63_37</release> ,39,S,Disordered,PHOSPHORYLATION,GGGsCsGsAGGGGsG
ENSP00000264645,<i>Homo sapiens</i> <release>63_37</release> ,45,S,Disordered,PHOSPHORYLATION,GsAGGGGsGsLPSQr
ENSP00000264645,<i>Homo sapiens</i> <release>63_37</release> ,47,S,Disordered,PHOSPHORYLATION,AGGGGsGsLPSQrGG
ENSP00000264645,<i>Homo sapiens</i> <release>63_37</release> ,66,S,Disordered,PHOSPHORYLATION,LHLRRVEsGGAKSAE
ENSP00000264645,<i>Homo sapiens</i> <release>63_37</release> ,117,S,Disordered,PHOSPHORYLATION,NSKVELKsEANDAVN
ENSP00000264645,<i>Homo sapiens</i> <release>63_37</release> ,125,S,Disordered,PHOSPHORYLATION,EANDAVNsSTkEEKG
ENSP00000264645,<i>Homo sapiens</i> <release>63_37</release> ,148,S,Disordered,PHOSPHORYLATION,tVtGERQsGDGQESt
ENSP00000264645,<i>Homo sapiens</i> <release>63_37</release> ,265,S,Disordered,PHOSPHORYLATION,IRKPRyGsPPQRDPN
ENSP00000264645,<i>Homo sapiens</i> <release>63_37</release> ,308,S,Disordered,PHOSPHORYLATION,AAGtGRMsAPRNYSR
ENSP00000264645,<i>Homo sapiens</i> <release>63_37</release> ,348,S,Disordered,PHOSPHORYLATION,ETVKHEIsyRSRRLE
ENSP00000264645,<i>Homo sapiens</i> <release>63_37</release> ,358,S,Disordered,PHOSPHORYLATION,SRRLEQtsVRDPsPE
ENSP00000264645,<i>Homo sapiens</i> <release>63_37</release> ,363,S,Disordered,PHOSPHORYLATION,QtsVRDPsPEADAPV
ENSP00000264645,<i>Homo sapiens</i> <release>63_37</release> ,373,S,Disordered,PHOSPHORYLATION,ADAPVLGsPEKEEAA
ENSP00000264645,<i>Homo sapiens</i> <release>63_37</release> ,381,S,Disordered,PHOSPHORYLATION,PEKEEAAsEPPAAAP
ENSP00000264645,<i>Homo sapiens</i> <release>63_37</release> ,477,S,Disordered,PHOSPHORYLATION,NIAEQNWsPGQPSFL
ENSP00000264645,<i>Homo sapiens</i> <release>63_37</release> ,699,S,Disordered,PHOSPHORYLATION,PPPPEVVsRGSS___
ENSP00000272348,<i>Homo sapiens</i> <release>63_37</release> ,66,S,Disordered,PHOSPHORYLATION,MVVIRGNsIIMLEAL
ENSP00000291568,<i>Homo sapiens</i> <release>63_37</release> ,7,S,Disordered,PHOSPHORYLATION,_MMCGAPsAtQPATA
ENSP00000291568,<i>Homo sapiens</i> <release>63_37</release> ,45,S,Disordered,PHOSPHORYLATION,FkAVSFksQVVAGtN
ENSP00000291568,<i>Homo sapiens</i> <release>63_37</release> ,83,S,Disordered,PHOSPHORYLATION,ENkPLTLsNYQTNKA
ENSP00000301948,<i>Homo sapiens</i> <release>63_37</release> ,13,S,Disordered,PHOSPHORYLATION,LGLREEKsEDQDLQG
ENSP00000301948,<i>Homo sapiens</i> <release>63_37</release> ,53,S,Disordered,PHOSPHORYLATION,VQPSAHHsAEPAEAG
ENSP00000301948,<i>Homo sapiens</i> <release>63_37</release> ,78,S,Disordered,PHOSPHORYLATION,APAVPEAsAsPKQRR
ENSP00000301948,<i>Homo sapiens</i> <release>63_37</release> ,80,S,Disordered,PHOSPHORYLATION,AVPEAsAsPKQRRSI
ENSP00000301948,<i>Homo sapiens</i> <release>63_37</release> ,116,S,Disordered,PHOSPHORYLATION,KQRKSGRsAGkYDVY
ENSP00000301948,<i>Homo sapiens</i> <release>63_37</release> ,149,S,Disordered,PHOSPHORYLATION,FEKVGDTsLDPNDFD
ENSP00000301948,<i>Homo sapiens</i> <release>63_37</release> ,216,S,Disordered,PHOSPHORYLATION,VkRVLEKsPGkLLVK
ENSP00000301948,<i>Homo sapiens</i> <release>63_37</release> ,229,S,Disordered,PHOSPHORYLATION,VKMPFQtsPGGKAEG
ENSP00000301948,<i>Homo sapiens</i> <release>63_37</release> ,274,S,Disordered,PHOSPHORYLATION,KRGRKPGsVVAAAAA
ENSP00000301948,<i>Homo sapiens</i> <release>63_37</release> ,313,S,Disordered,PHOSPHORYLATION,RKTRETVsIEVKEVV
ENSP00000301948,<i>Homo sapiens</i> <release>63_37</release> ,332,S,Disordered,PHOSPHORYLATION,VSTLGEKsGKGLKTC
ENSP00000301948,<i>Homo sapiens</i> <release>63_37</release> ,349,S,Disordered,PHOSPHORYLATION,PGRKSKEsSPKGRsS
ENSP00000301948,<i>Homo sapiens</i> <release>63_37</release> ,355,S,Disordered,PHOSPHORYLATION,EsSPKGRsSsAssPP
ENSP00000301948,<i>Homo sapiens</i> <release>63_37</release> ,357,S,Disordered,PHOSPHORYLATION,SPKGRsSsAssPPKK
ENSP00000301948,<i>Homo sapiens</i> <release>63_37</release> ,359,S,Disordered,PHOSPHORYLATION,KGRsSsAssPPKKEH
ENSP00000301948,<i>Homo sapiens</i> <release>63_37</release> ,360,S,Disordered,PHOSPHORYLATION,GRsSsAssPPKKEHH
ENSP00000301948,<i>Homo sapiens</i> <release>63_37</release> ,395,S,Disordered,PHOSPHORYLATION,PPPPEPEsSEDPTSP
ENSP00000301948,<i>Homo sapiens</i> <release>63_37</release> ,423,S,Disordered,PHOSPHORYLATION,EKMPRGGsLEsDGCP
ENSP00000301948,<i>Homo sapiens</i> <release>63_37</release> ,426,S,Disordered,PHOSPHORYLATION,PRGGsLEsDGCPKEP
ENSP00000301948,<i>Homo sapiens</i> <release>63_37</release> ,486,S,Disordered,PHOSPHORYLATION,tPVTERVs_______
ENSP00000308227,<i>Homo sapiens</i> <release>63_37</release> ,2,S,Disordered,PHOSPHORYLATION,______MsESSskSs
ENSP00000308227,<i>Homo sapiens</i> <release>63_37</release> ,6,S,Disordered,PHOSPHORYLATION,__MsESSskSsQPLA
ENSP00000308227,<i>Homo sapiens</i> <release>63_37</release> ,9,S,Disordered,PHOSPHORYLATION,sESSskSsQPLASkQ
ENSP00000308227,<i>Homo sapiens</i> <release>63_37</release> ,36,S,Disordered,PHOSPHORYLATION,PRkQPPVsPGtALVG
ENSP00000308227,<i>Homo sapiens</i> <release>63_37</release> ,44,S,Disordered,PHOSPHORYLATION,PGtALVGsQkEPsEV
ENSP00000308227,<i>Homo sapiens</i> <release>63_37</release> ,49,S,Disordered,PHOSPHORYLATION,VGsQkEPsEVPtPkR
ENSP00000308227,<i>Homo sapiens</i> <release>63_37</release> ,64,S,Disordered,PHOSPHORYLATION,PrGrPkGskNkGAAk
ENSP00000308227,<i>Homo sapiens</i> <release>63_37</release> ,99,S,Disordered,PHOSPHORYLATION,KEEEEGIsQEssEEE
ENSP00000308227,<i>Homo sapiens</i> <release>63_37</release> ,102,S,Disordered,PHOSPHORYLATION,EEGIsQEssEEEQ__
ENSP00000308227,<i>Homo sapiens</i> <release>63_37</release> ,103,S,Disordered,PHOSPHORYLATION,EGIsQEssEEEQ___
ENSP00000315559,<i>Homo sapiens</i> <release>63_37</release> ,58,S,Disordered,PHOSPHORYLATION,AANtNRPsPGGHERk
ENSP00000328088,<i>Homo sapiens</i> <release>63_37</release> ,15,S,Disordered,PHOSPHORYLATION,tSSGLGGsTTDFLEE
ENSP00000328088,<i>Homo sapiens</i> <release>63_37</release> ,95,S,Disordered,PHOSPHORYLATION,GVNCAVGsAMLtRAA
ENSP00000328088,<i>Homo sapiens</i> <release>63_37</release> ,108,S,Disordered,PHOSPHORYLATION,AAPGPRRsEDEPPAA
ENSP00000328088,<i>Homo sapiens</i> <release>63_37</release> ,162,S,Disordered,PHOSPHORYLATION,KLREKRRstGVVNIP
ENSP00000328088,<i>Homo sapiens</i> <release>63_37</release> ,223,S,Disordered,PHOSPHORYLATION,QEPPRTVsGRyKstt
ENSP00000328088,<i>Homo sapiens</i> <release>63_37</release> ,228,S,Disordered,PHOSPHORYLATION,TVsGRyKsttsVsEE
ENSP00000328088,<i>Homo sapiens</i> <release>63_37</release> ,231,S,Disordered,PHOSPHORYLATION,GRyKsttsVsEEDVS
ENSP00000328088,<i>Homo sapiens</i> <release>63_37</release> ,233,S,Disordered,PHOSPHORYLATION,yKsttsVsEEDVSSR
ENSP00000328088,<i>Homo sapiens</i> <release>63_37</release> ,242,S,Disordered,PHOSPHORYLATION,EDVSSRysRTDRSGF
ENSP00000328088,<i>Homo sapiens</i> <release>63_37</release> ,259,S,Disordered,PHOSPHORYLATION,YNRDANVsGtLVSSS
ENSP00000329403,<i>Homo sapiens</i> <release>63_37</release> ,2,S,Disordered,PHOSPHORYLATION,______MsERQGAGA
ENSP00000330074,<i>Homo sapiens</i> <release>63_37</release> ,2,S,Disordered,PHOSPHORYLATION,______MsEtAPAEt
ENSP00000330074,<i>Homo sapiens</i> <release>63_37</release> ,18,S,Disordered,PHOSPHORYLATION,tPAPVEksPAKKkAt
ENSP00000330074,<i>Homo sapiens</i> <release>63_37</release> ,44,S,Disordered,PHOSPHORYLATION,kAtGPPVsELItkAV
ENSP00000330074,<i>Homo sapiens</i> <release>63_37</release> ,61,S,Disordered,PHOSPHORYLATION,SkERNGLsLAALkkA
ENSP00000330074,<i>Homo sapiens</i> <release>63_37</release> ,89,S,Disordered,PHOSPHORYLATION,RIKLGLksLVSkGtL
ENSP00000330074,<i>Homo sapiens</i> <release>63_37</release> ,107,S,Disordered,PHOSPHORYLATION,kGtGASGsFkLNkkA
ENSP00000330074,<i>Homo sapiens</i> <release>63_37</release> ,173,S,Disordered,PHOSPHORYLATION,GVkKVAKsPKKAKAA
ENSP00000330074,<i>Homo sapiens</i> <release>63_37</release> ,189,S,Disordered,PHOSPHORYLATION,KPKKAtKsPAKPkAV
ENSP00000336552,<i>Homo sapiens</i> <release>63_37</release> ,59,S,Disordered,PHOSPHORYLATION,GEEDAQRsSTEQSGE
ENSP00000339914,<i>Homo sapiens</i> <release>63_37</release> ,41,S,Disordered,PHOSPHORYLATION,EPEKKSQsTKLSVVH
ENSP00000339914,<i>Homo sapiens</i> <release>63_37</release> ,52,S,Disordered,PHOSPHORYLATION,SVVHEKksQEGkPkE
ENSP00000339914,<i>Homo sapiens</i> <release>63_37</release> ,65,S,Disordered,PHOSPHORYLATION,kEHTEPKsLPKQAsD
ENSP00000339914,<i>Homo sapiens</i> <release>63_37</release> ,71,S,Disordered,PHOSPHORYLATION,KsLPKQAsDTGSNDA
ENSP00000339914,<i>Homo sapiens</i> <release>63_37</release> ,133,S,Disordered,PHOSPHORYLATION,DKKKEKKsLtPAVPV
ENSP00000339914,<i>Homo sapiens</i> <release>63_37</release> ,142,S,Disordered,PHOSPHORYLATION,tPAVPVEsKPDKPSG
ENSP00000339914,<i>Homo sapiens</i> <release>63_37</release> ,223,S,Disordered,PHOSPHORYLATION,TGPPADSsKPIGPDD
ENSP00000339914,<i>Homo sapiens</i> <release>63_37</release> ,236,S,Disordered,PHOSPHORYLATION,DDAIDALsSDFtCGs
ENSP00000339914,<i>Homo sapiens</i> <release>63_37</release> ,243,S,Disordered,PHOSPHORYLATION,sSDFtCGsPtAAGkK
ENSP00000339914,<i>Homo sapiens</i> <release>63_37</release> ,287,S,Disordered,PHOSPHORYLATION,KVEKDTMsDQALEAL
ENSP00000339914,<i>Homo sapiens</i> <release>63_37</release> ,295,S,Disordered,PHOSPHORYLATION,DQALEALsAsLGtRQ
ENSP00000339914,<i>Homo sapiens</i> <release>63_37</release> ,297,S,Disordered,PHOSPHORYLATION,ALEALsAsLGtRQAE
ENSP00000339914,<i>Homo sapiens</i> <release>63_37</release> ,311,S,Disordered,PHOSPHORYLATION,EPELDLRsIkEVDEA
ENSP00000339914,<i>Homo sapiens</i> <release>63_37</release> ,364,S,Disordered,PHOSPHORYLATION,EEKPKPRsEsELIDE
ENSP00000339914,<i>Homo sapiens</i> <release>63_37</release> ,366,S,Disordered,PHOSPHORYLATION,KPKPRsEsELIDELs
ENSP00000339914,<i>Homo sapiens</i> <release>63_37</release> ,373,S,Disordered,PHOSPHORYLATION,sELIDELsEDFDRsE
ENSP00000339914,<i>Homo sapiens</i> <release>63_37</release> ,379,S,Disordered,PHOSPHORYLATION,LsEDFDRsECKEKPS
ENSP00000339914,<i>Homo sapiens</i> <release>63_37</release> ,414,S,Disordered,PHOSPHORYLATION,VCRTSMCsIQSAPPE
ENSP00000339914,<i>Homo sapiens</i> <release>63_37</release> ,440,S,Disordered,PHOSPHORYLATION,AVEALADsLGkKEAD
ENSP00000339914,<i>Homo sapiens</i> <release>63_37</release> ,499,S,Disordered,PHOSPHORYLATION,KPLLPKEskEQLPPM
ENSP00000339914,<i>Homo sapiens</i> <release>63_37</release> ,507,S,Disordered,PHOSPHORYLATION,kEQLPPMsEDFLLDA
ENSP00000339914,<i>Homo sapiens</i> <release>63_37</release> ,516,S,Disordered,PHOSPHORYLATION,DFLLDALsEDFSGPQ
ENSP00000339914,<i>Homo sapiens</i> <release>63_37</release> ,526,S,Disordered,PHOSPHORYLATION,FSGPQNAssLkFEDA
ENSP00000339914,<i>Homo sapiens</i> <release>63_37</release> ,527,S,Disordered,PHOSPHORYLATION,SGPQNAssLkFEDAk
ENSP00000339914,<i>Homo sapiens</i> <release>63_37</release> ,561,S,Disordered,PHOSPHORYLATION,GAPPRDtsQsDKDLD
ENSP00000339914,<i>Homo sapiens</i> <release>63_37</release> ,563,S,Disordered,PHOSPHORYLATION,PPRDtsQsDKDLDDA
ENSP00000339914,<i>Homo sapiens</i> <release>63_37</release> ,575,S,Disordered,PHOSPHORYLATION,DDALDkLsDsLGQRQ
ENSP00000339914,<i>Homo sapiens</i> <release>63_37</release> ,577,S,Disordered,PHOSPHORYLATION,ALDkLsDsLGQRQPD
ENSP00000339914,<i>Homo sapiens</i> <release>63_37</release> ,655,S,Disordered,PHOSPHORYLATION,QDPIDALsGDLDsCP
ENSP00000339914,<i>Homo sapiens</i> <release>63_37</release> ,660,S,Disordered,PHOSPHORYLATION,ALsGDLDsCPStTET
ENSP00000339914,<i>Homo sapiens</i> <release>63_37</release> ,668,S,Disordered,PHOSPHORYLATION,CPStTETsQNtAKDK
ENSP00000340691,<i>Homo sapiens</i> <release>63_37</release> ,2,S,Disordered,PHOSPHORYLATION,______MsGGsSCsQ
ENSP00000340691,<i>Homo sapiens</i> <release>63_37</release> ,5,S,Disordered,PHOSPHORYLATION,___MsGGsSCsQtPs
ENSP00000340691,<i>Homo sapiens</i> <release>63_37</release> ,8,S,Disordered,PHOSPHORYLATION,MsGGsSCsQtPsRAI
ENSP00000340691,<i>Homo sapiens</i> <release>63_37</release> ,12,S,Disordered,PHOSPHORYLATION,sSCsQtPsRAIPATR
ENSP00000340691,<i>Homo sapiens</i> <release>63_37</release> ,35,S,Disordered,PHOSPHORYLATION,QLPPGDysttPGGtL
ENSP00000340691,<i>Homo sapiens</i> <release>63_37</release> ,44,S,Disordered,PHOSPHORYLATION,tPGGtLFsttPGGtR
ENSP00000340691,<i>Homo sapiens</i> <release>63_37</release> ,65,S,Disordered,PHOSPHORYLATION,FLMECRNsPVtktPP
ENSP00000340691,<i>Homo sapiens</i> <release>63_37</release> ,83,S,Disordered,PHOSPHORYLATION,PtIPGVtsPsSDEPP
ENSP00000340691,<i>Homo sapiens</i> <release>63_37</release> ,85,S,Disordered,PHOSPHORYLATION,IPGVtsPsSDEPPME
ENSP00000340691,<i>Homo sapiens</i> <release>63_37</release> ,94,S,Disordered,PHOSPHORYLATION,DEPPMEAsQSHLRNs
ENSP00000340691,<i>Homo sapiens</i> <release>63_37</release> ,101,S,Disordered,PHOSPHORYLATION,sQSHLRNsPEDKRAG
ENSP00000340691,<i>Homo sapiens</i> <release>63_37</release> ,112,S,Disordered,PHOSPHORYLATION,KRAGGEEsQFEMDI_
ENSP00000348273,<i>Homo sapiens</i> <release>63_37</release> ,16,S,Disordered,PHOSPHORYLATION,ELNAEKAsTNsETNR
ENSP00000348273,<i>Homo sapiens</i> <release>63_37</release> ,19,S,Disordered,PHOSPHORYLATION,AEKAsTNsETNRGEs
ENSP00000348273,<i>Homo sapiens</i> <release>63_37</release> ,26,S,Disordered,PHOSPHORYLATION,sETNRGEsEKKRNLG
ENSP00000348273,<i>Homo sapiens</i> <release>63_37</release> ,36,S,Disordered,PHOSPHORYLATION,KRNLGELsRttsEDN
ENSP00000348273,<i>Homo sapiens</i> <release>63_37</release> ,40,S,Disordered,PHOSPHORYLATION,GELsRttsEDNEVFG
ENSP00000348273,<i>Homo sapiens</i> <release>63_37</release> ,96,S,Disordered,PHOSPHORYLATION,PHLIRLFsRDAPGRE
ENSP00000348273,<i>Homo sapiens</i> <release>63_37</release> ,114,S,Disordered,PHOSPHORYLATION,FKDRPSEsDELQTIQ
ENSP00000348273,<i>Homo sapiens</i> <release>63_37</release> ,141,S,Disordered,PHOSPHORYLATION,MASQKRPsQRHGsKy
ENSP00000348273,<i>Homo sapiens</i> <release>63_37</release> ,146,S,Disordered,PHOSPHORYLATION,RPsQRHGsKyLATAs
ENSP00000348273,<i>Homo sapiens</i> <release>63_37</release> ,153,S,Disordered,PHOSPHORYLATION,sKyLATAstMDHARH
ENSP00000348273,<i>Homo sapiens</i> <release>63_37</release> ,205,S,Disordered,PHOSPHORYLATION,ARTAHyGsLPQKSHG
ENSP00000348273,<i>Homo sapiens</i> <release>63_37</release> ,249,S,Disordered,PHOSPHORYLATION,GLSLSRFsWGAEGQR
ENSP00000348273,<i>Homo sapiens</i> <release>63_37</release> ,266,S,Disordered,PHOSPHORYLATION,FGyGGRAsDYKSAHK
ENSP00000348273,<i>Homo sapiens</i> <release>63_37</release> ,285,S,Disordered,PHOSPHORYLATION,VDAQGtLsKIFKLGG
ENSP00000349871,<i>Homo sapiens</i> <release>63_37</release> ,2,S,Disordered,PHOSPHORYLATION,______MsESSskSs
ENSP00000349871,<i>Homo sapiens</i> <release>63_37</release> ,6,S,Disordered,PHOSPHORYLATION,__MsESSskSsQPLA
ENSP00000349871,<i>Homo sapiens</i> <release>63_37</release> ,9,S,Disordered,PHOSPHORYLATION,sESSskSsQPLASkQ
ENSP00000349871,<i>Homo sapiens</i> <release>63_37</release> ,36,S,Disordered,PHOSPHORYLATION,PRkQPPVsPGtALVG
ENSP00000349871,<i>Homo sapiens</i> <release>63_37</release> ,44,S,Disordered,PHOSPHORYLATION,PGtALVGsQkEPsEV
ENSP00000349871,<i>Homo sapiens</i> <release>63_37</release> ,49,S,Disordered,PHOSPHORYLATION,VGsQkEPsEVPtPkR
ENSP00000349871,<i>Homo sapiens</i> <release>63_37</release> ,64,S,Disordered,PHOSPHORYLATION,PrGrPkGskNkGAAk
ENSP00000349871,<i>Homo sapiens</i> <release>63_37</release> ,99,S,Disordered,PHOSPHORYLATION,KEEEEGIsQEssEEE
ENSP00000349871,<i>Homo sapiens</i> <release>63_37</release> ,102,S,Disordered,PHOSPHORYLATION,EEGIsQEssEEEQ__
ENSP00000349871,<i>Homo sapiens</i> <release>63_37</release> ,103,S,Disordered,PHOSPHORYLATION,EGIsQEssEEEQ___
ENSP00000350531,<i>Homo sapiens</i> <release>63_37</release> ,3,S,Disordered,PHOSPHORYLATION,_____MAssDIQVkE
ENSP00000350531,<i>Homo sapiens</i> <release>63_37</release> ,4,S,Disordered,PHOSPHORYLATION,____MAssDIQVkEL
ENSP00000350531,<i>Homo sapiens</i> <release>63_37</release> ,16,S,Disordered,PHOSPHORYLATION,kELEKRAsGQAFELI
ENSP00000350531,<i>Homo sapiens</i> <release>63_37</release> ,25,S,Disordered,PHOSPHORYLATION,QAFELILsPRskEsV
ENSP00000350531,<i>Homo sapiens</i> <release>63_37</release> ,28,S,Disordered,PHOSPHORYLATION,ELILsPRskEsVPEF
ENSP00000350531,<i>Homo sapiens</i> <release>63_37</release> ,31,S,Disordered,PHOSPHORYLATION,LsPRskEsVPEFPLs
ENSP00000350531,<i>Homo sapiens</i> <release>63_37</release> ,38,S,Disordered,PHOSPHORYLATION,sVPEFPLsPPKKKDL
ENSP00000350531,<i>Homo sapiens</i> <release>63_37</release> ,46,S,Disordered,PHOSPHORYLATION,PPKKKDLsLEEIQkk
ENSP00000350531,<i>Homo sapiens</i> <release>63_37</release> ,63,S,Disordered,PHOSPHORYLATION,AAEERRKsHEAEVLk
ENSP00000350531,<i>Homo sapiens</i> <release>63_37</release> ,94,S,Disordered,PHOSPHORYLATION,IEENNNFskMAEEkL
ENSP00000351490,<i>Homo sapiens</i> <release>63_37</release> ,2,S,Disordered,PHOSPHORYLATION,______MsDNDDIEV
ENSP00000351490,<i>Homo sapiens</i> <release>63_37</release> ,11,S,Disordered,PHOSPHORYLATION,NDDIEVEsDEEQPRF
ENSP00000351490,<i>Homo sapiens</i> <release>63_37</release> ,42,S,Disordered,PHOSPHORYLATION,RRDHIkDsFHsLRDS
ENSP00000351490,<i>Homo sapiens</i> <release>63_37</release> ,45,S,Disordered,PHOSPHORYLATION,HIkDsFHsLRDSVPS
ENSP00000351490,<i>Homo sapiens</i> <release>63_37</release> ,107,S,Disordered,PHOSPHORYLATION,RALEKARsSAQLQTN
ENSP00000351490,<i>Homo sapiens</i> <release>63_37</release> ,118,S,Disordered,PHOSPHORYLATION,LQTNyPSsDNsLytN
ENSP00000351490,<i>Homo sapiens</i> <release>63_37</release> ,121,S,Disordered,PHOSPHORYLATION,NyPSsDNsLytNAKG
ENSP00000351490,<i>Homo sapiens</i> <release>63_37</release> ,132,S,Disordered,PHOSPHORYLATION,NAKGSTIsAFDGGSD
ENSP00000351490,<i>Homo sapiens</i> <release>63_37</release> ,140,S,Disordered,PHOSPHORYLATION,AFDGGSDsSSEsEPE
ENSP00000351490,<i>Homo sapiens</i> <release>63_37</release> ,144,S,Disordered,PHOSPHORYLATION,GSDsSSEsEPEEPQS
ENSP00000355228,<i>Homo sapiens</i> <release>63_37</release> ,25,S,Disordered,PHOSPHORYLATION,kDEPQRRsARLsAkP
ENSP00000355228,<i>Homo sapiens</i> <release>63_37</release> ,29,S,Disordered,PHOSPHORYLATION,QRRsARLsAkPAPPk
ENSP00000360060,<i>Homo sapiens</i> <release>63_37</release> ,88,S,Disordered,PHOSPHORYLATION,VPADKARsPAVPLLL
ENSP00000360060,<i>Homo sapiens</i> <release>63_37</release> ,138,S,Disordered,PHOSPHORYLATION,AELATGPsALSPLPP
ENSP00000360060,<i>Homo sapiens</i> <release>63_37</release> ,188,S,Disordered,PHOSPHORYLATION,RLQQRRGsQPETRTG
ENSP00000361087,<i>Homo sapiens</i> <release>63_37</release> ,9,S,Disordered,PHOSPHORYLATION,DVFKKGFsIAKEGVV
ENSP00000361087,<i>Homo sapiens</i> <release>63_37</release> ,54,S,Disordered,PHOSPHORYLATION,NVVQSVTsVAEkTKE
ENSP00000361087,<i>Homo sapiens</i> <release>63_37</release> ,112,S,Disordered,PHOSPHORYLATION,PQQEGEAsKEKEEVA
ENSP00000361087,<i>Homo sapiens</i> <release>63_37</release> ,124,S,Disordered,PHOSPHORYLATION,EVAEEAQsGGD____
ENSP00000362815,<i>Homo sapiens</i> <release>63_37</release> ,98,S,Disordered,PHOSPHORYLATION,GGRRPGTsPALLQGT
ENSP00000362815,<i>Homo sapiens</i> <release>63_37</release> ,114,S,Disordered,PHOSPHORYLATION,EEDHVDLsLSCTLVP
ENSP00000362815,<i>Homo sapiens</i> <release>63_37</release> ,123,S,Disordered,PHOSPHORYLATION,SCTLVPRsGEQAEGs
ENSP00000362815,<i>Homo sapiens</i> <release>63_37</release> ,130,S,Disordered,PHOSPHORYLATION,sGEQAEGsPGGPGDS
ENSP00000362815,<i>Homo sapiens</i> <release>63_37</release> ,146,S,Disordered,PHOSPHORYLATION,GRkRRQtsMTDFYHs
ENSP00000362815,<i>Homo sapiens</i> <release>63_37</release> ,153,S,Disordered,PHOSPHORYLATION,sMTDFYHskRRLIFS
ENSP00000363384,<i>Homo sapiens</i> <release>63_37</release> ,98,S,Disordered,PHOSPHORYLATION,QLSVEPYsQEEAERA
ENSP00000363409,<i>Homo sapiens</i> <release>63_37</release> ,3,S,Disordered,PHOSPHORYLATION,_____MAssDIQVkE
ENSP00000363409,<i>Homo sapiens</i> <release>63_37</release> ,4,S,Disordered,PHOSPHORYLATION,____MAssDIQVkEL
ENSP00000363409,<i>Homo sapiens</i> <release>63_37</release> ,16,S,Disordered,PHOSPHORYLATION,kELEKRAsGQAFELI
ENSP00000363409,<i>Homo sapiens</i> <release>63_37</release> ,25,S,Disordered,PHOSPHORYLATION,QAFELILsPRskEsV
ENSP00000363409,<i>Homo sapiens</i> <release>63_37</release> ,28,S,Disordered,PHOSPHORYLATION,ELILsPRskEsVPEF
ENSP00000363409,<i>Homo sapiens</i> <release>63_37</release> ,31,S,Disordered,PHOSPHORYLATION,LsPRskEsVPEFPLs
ENSP00000363409,<i>Homo sapiens</i> <release>63_37</release> ,38,S,Disordered,PHOSPHORYLATION,sVPEFPLsPPKKKDL
ENSP00000363409,<i>Homo sapiens</i> <release>63_37</release> ,46,S,Disordered,PHOSPHORYLATION,PPKKKDLsLEEIQkk
ENSP00000363409,<i>Homo sapiens</i> <release>63_37</release> ,63,S,Disordered,PHOSPHORYLATION,AAEERRKsHEAEVLk
ENSP00000363409,<i>Homo sapiens</i> <release>63_37</release> ,94,S,Disordered,PHOSPHORYLATION,IEENNNFskMAEEkL
ENSP00000365747,<i>Homo sapiens</i> <release>63_37</release> ,77,S,Disordered,PHOSPHORYLATION,TDLVSWLsPHDPNSV
ENSP00000365747,<i>Homo sapiens</i> <release>63_37</release> ,94,S,Disordered,PHOSPHORYLATION,KSAKKLRsSNADAEE
ENSP00000365747,<i>Homo sapiens</i> <release>63_37</release> ,210,S,Disordered,PHOSPHORYLATION,PMDPSSysDAPRGTW
ENSP00000365747,<i>Homo sapiens</i> <release>63_37</release> ,247,S,Disordered,PHOSPHORYLATION,FQQRPYPsPGAVLRA
ENSP00000365963,<i>Homo sapiens</i> <release>63_37</release> ,57,S,Disordered,PHOSPHORYLATION,NEHMGRRssKCCCIy
ENSP00000365963,<i>Homo sapiens</i> <release>63_37</release> ,58,S,Disordered,PHOSPHORYLATION,EHMGRRssKCCCIyE
ENSP00000365963,<i>Homo sapiens</i> <release>63_37</release> ,73,S,Disordered,PHOSPHORYLATION,KPRAFGEsstEsDEE
ENSP00000365963,<i>Homo sapiens</i> <release>63_37</release> ,74,S,Disordered,PHOSPHORYLATION,PRAFGEsstEsDEEE
ENSP00000365963,<i>Homo sapiens</i> <release>63_37</release> ,77,S,Disordered,PHOSPHORYLATION,FGEsstEsDEEEEEG
ENSP00000366466,<i>Homo sapiens</i> <release>63_37</release> ,10,S,Disordered,PHOSPHORYLATION,REGAPGKsPEEMyIQ
ENSP00000366468,<i>Homo sapiens</i> <release>63_37</release> ,10,S,Disordered,PHOSPHORYLATION,REGAPGKsPEEMyIQ
ENSP00000366474,<i>Homo sapiens</i> <release>63_37</release> ,10,S,Disordered,PHOSPHORYLATION,REGAPGKsPEEMyIQ
ENSP00000370007,<i>Homo sapiens</i> <release>63_37</release> ,2,S,Disordered,PHOSPHORYLATION,______MsDkPdMAE
ENSP00000370007,<i>Homo sapiens</i> <release>63_37</release> ,16,S,Disordered,PHOSPHORYLATION,EIEkFDkskLKktEt
ENSP00000370007,<i>Homo sapiens</i> <release>63_37</release> ,31,S,Disordered,PHOSPHORYLATION,QEkNPLPskEtIEQE
ENSP00000370007,<i>Homo sapiens</i> <release>63_37</release> ,44,S,Disordered,PHOSPHORYLATION,QEkQAGEs_______
ENSP00000370009,<i>Homo sapiens</i> <release>63_37</release> ,2,S,Disordered,PHOSPHORYLATION,______MsDkPdMAE
ENSP00000370009,<i>Homo sapiens</i> <release>63_37</release> ,16,S,Disordered,PHOSPHORYLATION,EIEkFDkskLKktEt
ENSP00000370009,<i>Homo sapiens</i> <release>63_37</release> ,31,S,Disordered,PHOSPHORYLATION,QEkNPLPskEtIEQE
ENSP00000370009,<i>Homo sapiens</i> <release>63_37</release> ,44,S,Disordered,PHOSPHORYLATION,QEkQAGEs_______
ENSP00000370010,<i>Homo sapiens</i> <release>63_37</release> ,2,S,Disordered,PHOSPHORYLATION,______MsDkPdMAE
ENSP00000370010,<i>Homo sapiens</i> <release>63_37</release> ,16,S,Disordered,PHOSPHORYLATION,EIEkFDkskLKktEt
ENSP00000370010,<i>Homo sapiens</i> <release>63_37</release> ,31,S,Disordered,PHOSPHORYLATION,QEkNPLPskEtIEQE
ENSP00000370010,<i>Homo sapiens</i> <release>63_37</release> ,44,S,Disordered,PHOSPHORYLATION,QEkQAGEs_______
ENSP00000373107,<i>Homo sapiens</i> <release>63_37</release> ,57,S,Disordered,PHOSPHORYLATION,NEHMGRRssKCCCIy
ENSP00000373107,<i>Homo sapiens</i> <release>63_37</release> ,58,S,Disordered,PHOSPHORYLATION,EHMGRRssKCCCIyE
ENSP00000373107,<i>Homo sapiens</i> <release>63_37</release> ,73,S,Disordered,PHOSPHORYLATION,KPRAFGEsstEsDEE
ENSP00000373107,<i>Homo sapiens</i> <release>63_37</release> ,74,S,Disordered,PHOSPHORYLATION,PRAFGEsstEsDEEE
ENSP00000373107,<i>Homo sapiens</i> <release>63_37</release> ,77,S,Disordered,PHOSPHORYLATION,FGEsstEsDEEEEEG
ENSP00000377060,<i>Homo sapiens</i> <release>63_37</release> ,70,S,Disordered,PHOSPHORYLATION,LIAEFLQsQKtAHEt
ENSP00000377060,<i>Homo sapiens</i> <release>63_37</release> ,80,S,Disordered,PHOSPHORYLATION,tAHEtDKsEGGkRKA
ENSP00000377060,<i>Homo sapiens</i> <release>63_37</release> ,89,S,Disordered,PHOSPHORYLATION,GGkRKADsDsEDKGE
ENSP00000377060,<i>Homo sapiens</i> <release>63_37</release> ,91,S,Disordered,PHOSPHORYLATION,kRKADsDsEDKGEEs
ENSP00000377060,<i>Homo sapiens</i> <release>63_37</release> ,98,S,Disordered,PHOSPHORYLATION,sEDKGEEsKPKKKkE
ENSP00000377060,<i>Homo sapiens</i> <release>63_37</release> ,128,S,Disordered,PHOSPHORYLATION,RIIGATDsSGELMFL
ENSP00000377060,<i>Homo sapiens</i> <release>63_37</release> ,141,S,Disordered,PHOSPHORYLATION,FLMKWKNsDEADLVP
ENSP00000377060,<i>Homo sapiens</i> <release>63_37</release> ,172,S,Disordered,PHOSPHORYLATION,EERLTWHsyPsEDDD
ENSP00000377060,<i>Homo sapiens</i> <release>63_37</release> ,175,S,Disordered,PHOSPHORYLATION,LTWHsyPsEDDDkKD
ENSP00000377673,<i>Homo sapiens</i> <release>63_37</release> ,28,S,Disordered,PHOSPHORYLATION,SGSDSGGsPLRGGGs
ENSP00000377673,<i>Homo sapiens</i> <release>63_37</release> ,35,S,Disordered,PHOSPHORYLATION,sPLRGGGsCsGsAGG
ENSP00000377673,<i>Homo sapiens</i> <release>63_37</release> ,37,S,Disordered,PHOSPHORYLATION,LRGGGsCsGsAGGGG
ENSP00000377673,<i>Homo sapiens</i> <release>63_37</release> ,39,S,Disordered,PHOSPHORYLATION,GGGsCsGsAGGGGsG
ENSP00000377673,<i>Homo sapiens</i> <release>63_37</release> ,45,S,Disordered,PHOSPHORYLATION,GsAGGGGsGsLPSQr
ENSP00000377673,<i>Homo sapiens</i> <release>63_37</release> ,47,S,Disordered,PHOSPHORYLATION,AGGGGsGsLPSQrGG
ENSP00000377673,<i>Homo sapiens</i> <release>63_37</release> ,66,S,Disordered,PHOSPHORYLATION,LHLRRVEsGGAKSAE
ENSP00000377673,<i>Homo sapiens</i> <release>63_37</release> ,117,S,Disordered,PHOSPHORYLATION,NSKVELKsEANDAVN
ENSP00000377673,<i>Homo sapiens</i> <release>63_37</release> ,125,S,Disordered,PHOSPHORYLATION,EANDAVNsSTkEEKG
ENSP00000377673,<i>Homo sapiens</i> <release>63_37</release> ,148,S,Disordered,PHOSPHORYLATION,tVtGERQsGDGQESt
ENSP00000377673,<i>Homo sapiens</i> <release>63_37</release> ,265,S,Disordered,PHOSPHORYLATION,IRKPRyGsPPQRDPN
ENSP00000377673,<i>Homo sapiens</i> <release>63_37</release> ,308,S,Disordered,PHOSPHORYLATION,AAGtGRMsAPRNYSR
ENSP00000377673,<i>Homo sapiens</i> <release>63_37</release> ,348,S,Disordered,PHOSPHORYLATION,ETVKHEIsyRSRRLE
ENSP00000377673,<i>Homo sapiens</i> <release>63_37</release> ,358,S,Disordered,PHOSPHORYLATION,SRRLEQtsVRDPsPE
ENSP00000377673,<i>Homo sapiens</i> <release>63_37</release> ,363,S,Disordered,PHOSPHORYLATION,QtsVRDPsPEADAPV
ENSP00000377673,<i>Homo sapiens</i> <release>63_37</release> ,373,S,Disordered,PHOSPHORYLATION,ADAPVLGsPEKEEAA
ENSP00000377673,<i>Homo sapiens</i> <release>63_37</release> ,381,S,Disordered,PHOSPHORYLATION,PEKEEAAsEPPAAAP
ENSP00000377673,<i>Homo sapiens</i> <release>63_37</release> ,477,S,Disordered,PHOSPHORYLATION,NIAEQNWsPGQPSFL
ENSP00000377673,<i>Homo sapiens</i> <release>63_37</release> ,699,S,Disordered,PHOSPHORYLATION,PPPPEVVsRGSS___
ENSP00000379696,<i>Homo sapiens</i> <release>63_37</release> ,59,S,Disordered,PHOSPHORYLATION,GEEDAQRsSTEQSGE
ENSP00000379985,<i>Homo sapiens</i> <release>63_37</release> ,77,S,Disordered,PHOSPHORYLATION,TDLVSWLsPHDPNSV
ENSP00000379985,<i>Homo sapiens</i> <release>63_37</release> ,94,S,Disordered,PHOSPHORYLATION,KSAKKLRsSNADAEE
ENSP00000379985,<i>Homo sapiens</i> <release>63_37</release> ,210,S,Disordered,PHOSPHORYLATION,PMDPSSysDAPRGTW
ENSP00000379985,<i>Homo sapiens</i> <release>63_37</release> ,247,S,Disordered,PHOSPHORYLATION,FQQRPYPsPGAVLRA
ENSP00000382633,<i>Homo sapiens</i> <release>63_37</release> ,3,S,Disordered,PHOSPHORYLATION,_____MAssDIQVkE
ENSP00000382633,<i>Homo sapiens</i> <release>63_37</release> ,4,S,Disordered,PHOSPHORYLATION,____MAssDIQVkEL
ENSP00000382633,<i>Homo sapiens</i> <release>63_37</release> ,16,S,Disordered,PHOSPHORYLATION,kELEKRAsGQAFELI
ENSP00000382633,<i>Homo sapiens</i> <release>63_37</release> ,25,S,Disordered,PHOSPHORYLATION,QAFELILsPRskEsV
ENSP00000382633,<i>Homo sapiens</i> <release>63_37</release> ,28,S,Disordered,PHOSPHORYLATION,ELILsPRskEsVPEF
ENSP00000382633,<i>Homo sapiens</i> <release>63_37</release> ,31,S,Disordered,PHOSPHORYLATION,LsPRskEsVPEFPLs
ENSP00000382633,<i>Homo sapiens</i> <release>63_37</release> ,38,S,Disordered,PHOSPHORYLATION,sVPEFPLsPPKKKDL
ENSP00000382633,<i>Homo sapiens</i> <release>63_37</release> ,46,S,Disordered,PHOSPHORYLATION,PPKKKDLsLEEIQkk
ENSP00000382633,<i>Homo sapiens</i> <release>63_37</release> ,63,S,Disordered,PHOSPHORYLATION,AAEERRKsHEAEVLk
ENSP00000382633,<i>Homo sapiens</i> <release>63_37</release> ,94,S,Disordered,PHOSPHORYLATION,IEENNNFskMAEEkL
ENSP00000383696,<i>Homo sapiens</i> <release>63_37</release> ,10,S,Disordered,PHOSPHORYLATION,REGAPGKsPEEMyIQ
ENSP00000384849,<i>Homo sapiens</i> <release>63_37</release> ,98,S,Disordered,PHOSPHORYLATION,GGRRPGTsPALLQGT
ENSP00000384849,<i>Homo sapiens</i> <release>63_37</release> ,114,S,Disordered,PHOSPHORYLATION,EEDHVDLsLSCTLVP
ENSP00000384849,<i>Homo sapiens</i> <release>63_37</release> ,123,S,Disordered,PHOSPHORYLATION,SCTLVPRsGEQAEGs
ENSP00000384849,<i>Homo sapiens</i> <release>63_37</release> ,130,S,Disordered,PHOSPHORYLATION,sGEQAEGsPGGPGDS
ENSP00000384849,<i>Homo sapiens</i> <release>63_37</release> ,146,S,Disordered,PHOSPHORYLATION,GRkRRQtsMTDFYHs
ENSP00000384849,<i>Homo sapiens</i> <release>63_37</release> ,153,S,Disordered,PHOSPHORYLATION,sMTDFYHskRRLIFS
ENSP00000387858,<i>Homo sapiens</i> <release>63_37</release> ,3,S,Disordered,PHOSPHORYLATION,_____MAssDIQVkE
ENSP00000387858,<i>Homo sapiens</i> <release>63_37</release> ,4,S,Disordered,PHOSPHORYLATION,____MAssDIQVkEL
ENSP00000387858,<i>Homo sapiens</i> <release>63_37</release> ,16,S,Disordered,PHOSPHORYLATION,kELEKRAsGQAFELI
ENSP00000387858,<i>Homo sapiens</i> <release>63_37</release> ,25,S,Disordered,PHOSPHORYLATION,QAFELILsPRskEsV
ENSP00000387858,<i>Homo sapiens</i> <release>63_37</release> ,28,S,Disordered,PHOSPHORYLATION,ELILsPRskEsVPEF
ENSP00000387858,<i>Homo sapiens</i> <release>63_37</release> ,31,S,Disordered,PHOSPHORYLATION,LsPRskEsVPEFPLs
ENSP00000387858,<i>Homo sapiens</i> <release>63_37</release> ,38,S,Disordered,PHOSPHORYLATION,sVPEFPLsPPKKKDL
ENSP00000387858,<i>Homo sapiens</i> <release>63_37</release> ,46,S,Disordered,PHOSPHORYLATION,PPKKKDLsLEEIQkk
ENSP00000387858,<i>Homo sapiens</i> <release>63_37</release> ,63,S,Disordered,PHOSPHORYLATION,AAEERRKsHEAEVLk
ENSP00000387858,<i>Homo sapiens</i> <release>63_37</release> ,94,S,Disordered,PHOSPHORYLATION,IEENNNFskMAEEkL
ENSP00000391759,<i>Homo sapiens</i> <release>63_37</release> ,77,S,Disordered,PHOSPHORYLATION,TDLVSWLsPHDPNSV
ENSP00000391759,<i>Homo sapiens</i> <release>63_37</release> ,94,S,Disordered,PHOSPHORYLATION,KSAKKLRsSNADAEE
ENSP00000391759,<i>Homo sapiens</i> <release>63_37</release> ,210,S,Disordered,PHOSPHORYLATION,PMDPSSysDAPRGTW
ENSP00000391759,<i>Homo sapiens</i> <release>63_37</release> ,247,S,Disordered,PHOSPHORYLATION,FQQRPYPsPGAVLRA
ENSP00000394056,<i>Homo sapiens</i> <release>63_37</release> ,57,S,Disordered,PHOSPHORYLATION,NEHMGRRssKCCCIy
ENSP00000394056,<i>Homo sapiens</i> <release>63_37</release> ,58,S,Disordered,PHOSPHORYLATION,EHMGRRssKCCCIyE
ENSP00000394056,<i>Homo sapiens</i> <release>63_37</release> ,73,S,Disordered,PHOSPHORYLATION,KPRAFGEsstEsDEE
ENSP00000394056,<i>Homo sapiens</i> <release>63_37</release> ,74,S,Disordered,PHOSPHORYLATION,PRAFGEsstEsDEEE
ENSP00000394056,<i>Homo sapiens</i> <release>63_37</release> ,77,S,Disordered,PHOSPHORYLATION,FGEsstEsDEEEEEG
ENSP00000399888,<i>Homo sapiens</i> <release>63_37</release> ,2,S,Disordered,PHOSPHORYLATION,______MsESSskSs
ENSP00000399888,<i>Homo sapiens</i> <release>63_37</release> ,6,S,Disordered,PHOSPHORYLATION,__MsESSskSsQPLA
ENSP00000399888,<i>Homo sapiens</i> <release>63_37</release> ,9,S,Disordered,PHOSPHORYLATION,sESSskSsQPLASkQ
ENSP00000399888,<i>Homo sapiens</i> <release>63_37</release> ,36,S,Disordered,PHOSPHORYLATION,PRkQPPVsPGtALVG
ENSP00000399888,<i>Homo sapiens</i> <release>63_37</release> ,44,S,Disordered,PHOSPHORYLATION,PGtALVGsQkEPsEV
ENSP00000399888,<i>Homo sapiens</i> <release>63_37</release> ,49,S,Disordered,PHOSPHORYLATION,VGsQkEPsEVPtPkR
ENSP00000399888,<i>Homo sapiens</i> <release>63_37</release> ,64,S,Disordered,PHOSPHORYLATION,PrGrPkGskNkGAAk
ENSP00000399888,<i>Homo sapiens</i> <release>63_37</release> ,99,S,Disordered,PHOSPHORYLATION,KEEEEGIsQEssEEE
ENSP00000399888,<i>Homo sapiens</i> <release>63_37</release> ,102,S,Disordered,PHOSPHORYLATION,EEGIsQEssEEEQ__
ENSP00000399888,<i>Homo sapiens</i> <release>63_37</release> ,103,S,Disordered,PHOSPHORYLATION,EGIsQEssEEEQ___
ENSP00000403557,<i>Homo sapiens</i> <release>63_37</release> ,57,S,Disordered,PHOSPHORYLATION,NEHMGRRssKCCCIy
ENSP00000403557,<i>Homo sapiens</i> <release>63_37</release> ,58,S,Disordered,PHOSPHORYLATION,EHMGRRssKCCCIyE
ENSP00000403557,<i>Homo sapiens</i> <release>63_37</release> ,73,S,Disordered,PHOSPHORYLATION,KPRAFGEsstEsDEE
ENSP00000403557,<i>Homo sapiens</i> <release>63_37</release> ,74,S,Disordered,PHOSPHORYLATION,PRAFGEsstEsDEEE
ENSP00000403557,<i>Homo sapiens</i> <release>63_37</release> ,77,S,Disordered,PHOSPHORYLATION,FGEsstEsDEEEEEG
ENSP00000407981,<i>Homo sapiens</i> <release>63_37</release> ,57,S,Disordered,PHOSPHORYLATION,NEHMGRRssKCCCIy
ENSP00000407981,<i>Homo sapiens</i> <release>63_37</release> ,58,S,Disordered,PHOSPHORYLATION,EHMGRRssKCCCIyE
ENSP00000407981,<i>Homo sapiens</i> <release>63_37</release> ,73,S,Disordered,PHOSPHORYLATION,KPRAFGEsstEsDEE
ENSP00000407981,<i>Homo sapiens</i> <release>63_37</release> ,74,S,Disordered,PHOSPHORYLATION,PRAFGEsstEsDEEE
ENSP00000407981,<i>Homo sapiens</i> <release>63_37</release> ,77,S,Disordered,PHOSPHORYLATION,FGEsstEsDEEEEEG
ENSP00000411038,<i>Homo sapiens</i> <release>63_37</release> ,57,S,Disordered,PHOSPHORYLATION,NEHMGRRssKCCCIy
ENSP00000411038,<i>Homo sapiens</i> <release>63_37</release> ,58,S,Disordered,PHOSPHORYLATION,EHMGRRssKCCCIyE
ENSP00000411038,<i>Homo sapiens</i> <release>63_37</release> ,73,S,Disordered,PHOSPHORYLATION,KPRAFGEsstEsDEE
ENSP00000411038,<i>Homo sapiens</i> <release>63_37</release> ,74,S,Disordered,PHOSPHORYLATION,PRAFGEsstEsDEEE
ENSP00000411038,<i>Homo sapiens</i> <release>63_37</release> ,77,S,Disordered,PHOSPHORYLATION,FGEsstEsDEEEEEG
ENSP00000412297,<i>Homo sapiens</i> <release>63_37</release> ,57,S,Disordered,PHOSPHORYLATION,NEHMGRRssKCCCIy
ENSP00000412297,<i>Homo sapiens</i> <release>63_37</release> ,58,S,Disordered,PHOSPHORYLATION,EHMGRRssKCCCIyE
ENSP00000412297,<i>Homo sapiens</i> <release>63_37</release> ,73,S,Disordered,PHOSPHORYLATION,KPRAFGEsstEsDEE
ENSP00000412297,<i>Homo sapiens</i> <release>63_37</release> ,74,S,Disordered,PHOSPHORYLATION,PRAFGEsstEsDEEE
ENSP00000412297,<i>Homo sapiens</i> <release>63_37</release> ,77,S,Disordered,PHOSPHORYLATION,FGEsstEsDEEEEEG
ENSP00000414376,<i>Homo sapiens</i> <release>63_37</release> ,2,S,Disordered,PHOSPHORYLATION,______MsDkPdMAE
ENSP00000414376,<i>Homo sapiens</i> <release>63_37</release> ,16,S,Disordered,PHOSPHORYLATION,EIEkFDkskLKktEt
ENSP00000414376,<i>Homo sapiens</i> <release>63_37</release> ,31,S,Disordered,PHOSPHORYLATION,QEkNPLPskEtIEQE
ENSP00000414376,<i>Homo sapiens</i> <release>63_37</release> ,44,S,Disordered,PHOSPHORYLATION,QEkQAGEs_______
ENSP00000414808,<i>Homo sapiens</i> <release>63_37</release> ,57,S,Disordered,PHOSPHORYLATION,NEHMGRRssKCCCIy
ENSP00000414808,<i>Homo sapiens</i> <release>63_37</release> ,58,S,Disordered,PHOSPHORYLATION,EHMGRRssKCCCIyE
ENSP00000414808,<i>Homo sapiens</i> <release>63_37</release> ,73,S,Disordered,PHOSPHORYLATION,KPRAFGEsstEsDEE
ENSP00000414808,<i>Homo sapiens</i> <release>63_37</release> ,74,S,Disordered,PHOSPHORYLATION,PRAFGEsstEsDEEE
ENSP00000414808,<i>Homo sapiens</i> <release>63_37</release> ,77,S,Disordered,PHOSPHORYLATION,FGEsstEsDEEEEEG
ENSP00000417805,<i>Homo sapiens</i> <release>63_37</release> ,7,S,Disordered,PHOSPHORYLATION,_MPGLVDsNPAPPEs
ENSP00000417805,<i>Homo sapiens</i> <release>63_37</release> ,14,S,Disordered,PHOSPHORYLATION,sNPAPPEsQEkkPLk
ENSP00000417923,<i>Homo sapiens</i> <release>63_37</release> ,7,S,Disordered,PHOSPHORYLATION,_MPGLVDsNPAPPEs
ENSP00000417923,<i>Homo sapiens</i> <release>63_37</release> ,14,S,Disordered,PHOSPHORYLATION,sNPAPPEsQEkkPLk
ENSP00000430887,<i>Homo sapiens</i> <release>63_37</release> ,59,S,Disordered,PHOSPHORYLATION,GEEDAQRsSTEQSGE
ENSP00000444681,<i>Homo sapiens</i> <release>63_37</release> ,10,S,Disordered,PHOSPHORYLATION,REGAPGKsPEEMyIQ
